{"cameraMode":{"drawMode":0,"name":"Shaded","section":"Shading Mode"},"sceneLighting":false,"audioPlay":false,"sceneViewState":{"showFog":true,"showMaterialUpdate":false,"showSkybox":false,"showFlares":true,"showImageEffects":true,"showParticleSystems":true},"in2DMode":false,"pivot":{"x":494.1759338378906,"y":458.5888671875,"z":21.211669921875},"rotation":{"x":0.0697714164853096,"y":0.04487477242946625,"z":-0.003148822346702218,"w":0.9965667128562927},"size":1068.29345703125,"orthographic":false}