{"cameraMode":{"drawMode":0,"name":"Shaded","section":"Shading Mode"},"sceneLighting":false,"audioPlay":false,"sceneViewState":{"showFog":true,"showMaterialUpdate":false,"showSkybox":false,"showFlares":true,"showImageEffects":true,"showParticleSystems":true},"in2DMode":false,"pivot":{"x":0.318798303604126,"y":1.1565481424331666,"z":-0.017358064651489259},"rotation":{"x":0.013292689807713032,"y":0.853090763092041,"z":-0.021758491173386575,"w":0.5211547017097473},"size":6.324589729309082,"orthographic":false}