{"cameraMode":{"drawMode":0,"name":"Shaded","section":"Shading Mode"},"sceneLighting":false,"audioPlay":false,"sceneViewState":{"showFog":true,"showMaterialUpdate":false,"showSkybox":false,"showFlares":true,"showImageEffects":true,"showParticleSystems":true},"in2DMode":false,"pivot":{"x":-0.4351463317871094,"y":3.122241973876953,"z":-5.125946044921875},"rotation":{"x":0.08976458013057709,"y":0.8025950789451599,"z":-0.12499780207872391,"w":0.576374888420105},"size":20.446941375732423,"orthographic":false}