{"cameraMode":{"drawMode":0,"name":"Shaded","section":"Shading Mode"},"sceneLighting":true,"audioPlay":false,"sceneViewState":{"showFog":true,"showMaterialUpdate":false,"showSkybox":true,"showFlares":true,"showImageEffects":true,"showParticleSystems":true},"in2DMode":false,"pivot":{"x":-0.36637115478515627,"y":19.844560623168947,"z":-31.991287231445314},"rotation":{"x":0.14680427312850953,"y":0.659672737121582,"z":-0.13359282910823823,"w":0.7249192595481873},"size":22.0,"orthographic":false}