{"cameraMode":{"drawMode":0,"name":"Shaded","section":"Shading Mode"},"sceneLighting":false,"audioPlay":false,"sceneViewState":{"showFog":true,"showMaterialUpdate":false,"showSkybox":false,"showFlares":true,"showImageEffects":true,"showParticleSystems":true},"in2DMode":false,"pivot":{"x":-3.9001975059509279,"y":1.7707157135009766,"z":-22.93514060974121},"rotation":{"x":-0.045161619782447818,"y":-0.7562918066978455,"z":0.05250297114253044,"w":-0.6505730748176575},"size":4.357513427734375,"orthographic":false}