{"cameraMode":{"drawMode":0,"name":"Shaded","section":"Shading Mode"},"sceneLighting":false,"audioPlay":false,"sceneViewState":{"showFog":true,"showMaterialUpdate":false,"showSkybox":false,"showFlares":true,"showImageEffects":true,"showParticleSystems":true},"in2DMode":false,"pivot":{"x":0.318798303604126,"y":1.1565481424331666,"z":-0.017358064651489259},"rotation":{"x":0.11566293984651566,"y":0.8416101336479187,"z":-0.19927950203418733,"w":0.48848700523376467},"size":3.3519299030303957,"orthographic":false}